array_type;size;algorithm;time_microseconds;char_comparisons
random;100;QuickSort;497;13948
random;100;MergeSort;149;599
random;100;StringQuickSort;40;688
random;100;StringMergeSort;342;500
random;100;MsdRadixSort;164;356
random;100;MsdRadixSortWithQuickSort;33;307
random;200;QuickSort;1006;28670
random;200;MergeSort;304;1487
random;200;StringQuickSort;97;1717
random;200;StringMergeSort;718;1148
random;200;MsdRadixSort;329;790
random;200;MsdRadixSortWithQuickSort;69;716
random;300;QuickSort;1545;44337
random;300;MergeSort;479;2508
random;300;StringQuickSort;145;2567
random;300;StringMergeSort;1386;1886
random;300;MsdRadixSort;442;1218
random;300;MsdRadixSortWithQuickSort;110;1197
random;400;QuickSort;2437;58963
random;400;MergeSort;1325;3657
random;400;StringQuickSort;357;3571
random;400;StringMergeSort;2538;2656
random;400;MsdRadixSort;834;1648
random;400;MsdRadixSortWithQuickSort;301;1709
random;500;QuickSort;4367;76923
random;500;MergeSort;959;4859
random;500;StringQuickSort;248;4391
random;500;StringMergeSort;2034;3518
random;500;MsdRadixSort;650;2074
random;500;MsdRadixSortWithQuickSort;202;2256
random;600;QuickSort;3642;90124
random;600;MergeSort;1298;6105
random;600;StringQuickSort;342;6030
random;600;StringMergeSort;2814;4328
random;600;MsdRadixSort;731;2508
random;600;MsdRadixSortWithQuickSort;254;2913
random;700;QuickSort;3837;108123
random;700;MergeSort;1396;7407
random;700;StringQuickSort;444;7187
random;700;StringMergeSort;3353;5207
random;700;MsdRadixSort;1073;2952
random;700;MsdRadixSortWithQuickSort;417;3488
random;800;QuickSort;4626;125267
random;800;MergeSort;2310;8761
random;800;StringQuickSort;738;7598
random;800;StringMergeSort;4078;6051
random;800;MsdRadixSort;1613;3428
random;800;MsdRadixSortWithQuickSort;426;4150
random;900;QuickSort;4858;136426
random;900;MergeSort;1868;10149
random;900;StringQuickSort;638;8891
random;900;StringMergeSort;4892;6976
random;900;MsdRadixSort;1069;3878
random;900;MsdRadixSortWithQuickSort;496;4863
random;1000;QuickSort;6037;154174
random;1000;MergeSort;1977;11558
random;1000;StringQuickSort;667;10697
random;1000;StringMergeSort;4383;7893
random;1000;MsdRadixSort;1164;4306
random;1000;MsdRadixSortWithQuickSort;468;5526
random;1100;QuickSort;6238;169329
random;1100;MergeSort;2617;13010
random;1100;StringQuickSort;1146;11010
random;1100;StringMergeSort;7014;8800
random;1100;MsdRadixSort;1318;4798
random;1100;MsdRadixSortWithQuickSort;557;6455
random;1200;QuickSort;7943;186639
random;1200;MergeSort;2806;14503
random;1200;StringQuickSort;875;12366
random;1200;StringMergeSort;5910;9745
random;1200;MsdRadixSort;1481;5248
random;1200;MsdRadixSortWithQuickSort;839;7254
random;1300;QuickSort;8073;203010
random;1300;MergeSort;2853;16023
random;1300;StringQuickSort;926;13352
random;1300;StringMergeSort;6880;10708
random;1300;MsdRadixSort;1546;5724
random;1300;MsdRadixSortWithQuickSort;634;7952
random;1400;QuickSort;7923;222289
random;1400;MergeSort;3123;17542
random;1400;StringQuickSort;969;16363
random;1400;StringMergeSort;7613;11654
random;1400;MsdRadixSort;1980;6192
random;1400;MsdRadixSortWithQuickSort;758;8709
random;1500;QuickSort;8538;236709
random;1500;MergeSort;3784;19077
random;1500;StringQuickSort;1080;17718
random;1500;StringMergeSort;8007;12621
random;1500;MsdRadixSort;2247;6662
random;1500;MsdRadixSortWithQuickSort;1100;9353
random;1600;QuickSort;11683;251640
random;1600;MergeSort;3817;20675
random;1600;StringQuickSort;1392;18065
random;1600;StringMergeSort;11618;13580
random;1600;MsdRadixSort;2257;7146
random;1600;MsdRadixSortWithQuickSort;866;10334
random;1700;QuickSort;9935;269558
random;1700;MergeSort;3809;22260
random;1700;StringQuickSort;1146;19145
random;1700;StringMergeSort;8575;14593
random;1700;MsdRadixSort;2236;7636
random;1700;MsdRadixSortWithQuickSort;895;11066
random;1800;QuickSort;10973;280224
random;1800;MergeSort;4169;23894
random;1800;StringQuickSort;1170;19538
random;1800;StringMergeSort;8794;15594
random;1800;MsdRadixSort;2283;8150
random;1800;MsdRadixSortWithQuickSort;1045;11785
random;1900;QuickSort;10717;292053
random;1900;MergeSort;4345;25495
random;1900;StringQuickSort;1327;21886
random;1900;StringMergeSort;9291;16594
random;1900;MsdRadixSort;2348;8632
random;1900;MsdRadixSortWithQuickSort;979;12495
random;2000;QuickSort;12647;314332
random;2000;MergeSort;4588;27159
random;2000;StringQuickSort;1580;25592
random;2000;StringMergeSort;10021;17641
random;2000;MsdRadixSort;2650;9128
random;2000;MsdRadixSortWithQuickSort;1074;13256
random;2100;QuickSort;17773;330789
random;2100;MergeSort;4895;28758
random;2100;StringQuickSort;1386;23007
random;2100;StringMergeSort;11642;18564
random;2100;MsdRadixSort;2782;9654
random;2100;MsdRadixSortWithQuickSort;1239;14348
random;2200;QuickSort;13119;352615
random;2200;MergeSort;5003;30469
random;2200;StringQuickSort;1610;25830
random;2200;StringMergeSort;12234;19578
random;2200;MsdRadixSort;2788;10180
random;2200;MsdRadixSortWithQuickSort;1168;14995
random;2300;QuickSort;16472;364247
random;2300;MergeSort;5144;32144
random;2300;StringQuickSort;1623;26986
random;2300;StringMergeSort;13530;20603
random;2300;MsdRadixSort;3417;10726
random;2300;MsdRadixSortWithQuickSort;1854;16201
random;2400;QuickSort;13301;375673
random;2400;MergeSort;5375;33893
random;2400;StringQuickSort;2073;26695
random;2400;StringMergeSort;18849;21611
random;2400;MsdRadixSort;3555;11264
random;2400;MsdRadixSortWithQuickSort;1584;16922
random;2500;QuickSort;14854;395389
random;2500;MergeSort;5489;35645
random;2500;StringQuickSort;1796;30322
random;2500;StringMergeSort;13443;22701
random;2500;MsdRadixSort;3642;11812
random;2500;MsdRadixSortWithQuickSort;1420;17619
random;2600;QuickSort;14995;412773
random;2600;MergeSort;5789;37368
random;2600;StringQuickSort;2196;33753
random;2600;StringMergeSort;14331;23773
random;2600;MsdRadixSort;3733;12316
random;2600;MsdRadixSortWithQuickSort;1501;18534
random;2700;QuickSort;16673;423545
random;2700;MergeSort;6288;39169
random;2700;StringQuickSort;2089;34030
random;2700;StringMergeSort;14263;24902
random;2700;MsdRadixSort;4255;12854
random;2700;MsdRadixSortWithQuickSort;1987;19150
random;2800;QuickSort;16964;448403
random;2800;MergeSort;6601;40908
random;2800;StringQuickSort;1884;31559
random;2800;StringMergeSort;15027;25852
random;2800;MsdRadixSort;4587;13414
random;2800;MsdRadixSortWithQuickSort;1563;20377
random;2900;QuickSort;23796;462642
random;2900;MergeSort;6881;42679
random;2900;StringQuickSort;2017;34112
random;2900;StringMergeSort;15849;26874
random;2900;MsdRadixSort;4362;13980
random;2900;MsdRadixSortWithQuickSort;1639;21343
random;3000;QuickSort;17931;485147
random;3000;MergeSort;7945;44471
random;3000;StringQuickSort;2692;39612
random;3000;StringMergeSort;17204;27980
random;3000;MsdRadixSort;7720;14526
random;3000;MsdRadixSortWithQuickSort;2911;22133
reverse_sorted;100;QuickSort;536;14116
reverse_sorted;100;MergeSort;123;596
reverse_sorted;100;StringQuickSort;25;605
reverse_sorted;100;StringMergeSort;302;333
reverse_sorted;100;MsdRadixSort;155;496
reverse_sorted;100;MsdRadixSortWithQuickSort;46;621
reverse_sorted;200;QuickSort;997;29585
reverse_sorted;200;MergeSort;300;1327
reverse_sorted;200;StringQuickSort;59;1340
reverse_sorted;200;StringMergeSort;710;695
reverse_sorted;200;MsdRadixSort;319;992
reverse_sorted;200;MsdRadixSortWithQuickSort;91;1268
reverse_sorted;300;QuickSort;1404;41626
reverse_sorted;300;MergeSort;531;2073
reverse_sorted;300;StringQuickSort;95;2134
reverse_sorted;300;StringMergeSort;1277;1056
reverse_sorted;300;MsdRadixSort;457;1476
reverse_sorted;300;MsdRadixSortWithQuickSort;137;1930
reverse_sorted;400;QuickSort;2030;59294
reverse_sorted;400;MergeSort;602;2837
reverse_sorted;400;StringQuickSort;135;2977
reverse_sorted;400;StringMergeSort;1446;1424
reverse_sorted;400;MsdRadixSort;570;1944
reverse_sorted;400;MsdRadixSortWithQuickSort;185;2537
reverse_sorted;500;QuickSort;1999;59718
reverse_sorted;500;MergeSort;770;3797
reverse_sorted;500;StringQuickSort;171;3864
reverse_sorted;500;StringMergeSort;1798;1886
reverse_sorted;500;MsdRadixSort;722;2448
reverse_sorted;500;MsdRadixSortWithQuickSort;230;3199
reverse_sorted;600;QuickSort;2724;81176
reverse_sorted;600;MergeSort;939;4394
reverse_sorted;600;StringQuickSort;209;4829
reverse_sorted;600;StringMergeSort;2404;2117
reverse_sorted;600;MsdRadixSort;849;2912
reverse_sorted;600;MsdRadixSortWithQuickSort;275;3819
reverse_sorted;700;QuickSort;3428;101562
reverse_sorted;700;MergeSort;1897;5244
reverse_sorted;700;StringQuickSort;483;5679
reverse_sorted;700;StringMergeSort;5016;2527
reverse_sorted;700;MsdRadixSort;1052;3370
reverse_sorted;700;MsdRadixSortWithQuickSort;426;4422
reverse_sorted;800;QuickSort;3939;117336
reverse_sorted;800;MergeSort;1935;6027
reverse_sorted;800;StringQuickSort;351;6614
reverse_sorted;800;StringMergeSort;3222;2859
reverse_sorted;800;MsdRadixSort;1090;3834
reverse_sorted;800;MsdRadixSortWithQuickSort;360;5036
reverse_sorted;900;QuickSort;3895;117486
reverse_sorted;900;MergeSort;1511;6965
reverse_sorted;900;StringQuickSort;332;7571
reverse_sorted;900;StringMergeSort;3525;3271
reverse_sorted;900;MsdRadixSort;1319;4328
reverse_sorted;900;MsdRadixSortWithQuickSort;409;5676
reverse_sorted;1000;QuickSort;5869;123301
reverse_sorted;1000;MergeSort;2904;7963
reverse_sorted;1000;StringQuickSort;600;8506
reverse_sorted;1000;StringMergeSort;5624;3718
reverse_sorted;1000;MsdRadixSort;1468;4824
reverse_sorted;1000;MsdRadixSortWithQuickSort;479;6299
reverse_sorted;1100;QuickSort;4582;138173
reverse_sorted;1100;MergeSort;1920;8668
reverse_sorted;1100;StringQuickSort;417;9556
reverse_sorted;1100;StringMergeSort;7490;4006
reverse_sorted;1100;MsdRadixSort;2832;5328
reverse_sorted;1100;MsdRadixSortWithQuickSort;968;6936
reverse_sorted;1200;QuickSort;9039;163557
reverse_sorted;1200;MergeSort;2768;9330
reverse_sorted;1200;StringQuickSort;466;10465
reverse_sorted;1200;StringMergeSort;5343;4255
reverse_sorted;1200;MsdRadixSort;1701;5802
reverse_sorted;1200;MsdRadixSortWithQuickSort;544;7587
reverse_sorted;1300;QuickSort;6008;184676
reverse_sorted;1300;MergeSort;2311;10248
reverse_sorted;1300;StringQuickSort;514;11596
reverse_sorted;1300;StringMergeSort;9626;4679
reverse_sorted;1300;MsdRadixSort;1923;6292
reverse_sorted;1300;MsdRadixSortWithQuickSort;595;8212
reverse_sorted;1400;QuickSort;7545;206757
reverse_sorted;1400;MergeSort;2549;11172
reverse_sorted;1400;StringQuickSort;563;12584
reverse_sorted;1400;StringMergeSort;9583;5066
reverse_sorted;1400;MsdRadixSort;3410;6782
reverse_sorted;1400;MsdRadixSortWithQuickSort;756;8847
reverse_sorted;1500;QuickSort;7890;230965
reverse_sorted;1500;MergeSort;2879;12117
reverse_sorted;1500;StringQuickSort;644;13595
reverse_sorted;1500;StringMergeSort;6743;5496
reverse_sorted;1500;MsdRadixSort;2139;7254
reverse_sorted;1500;MsdRadixSortWithQuickSort;685;9493
reverse_sorted;1600;QuickSort;8182;238890
reverse_sorted;1600;MergeSort;3279;12909
reverse_sorted;1600;StringQuickSort;688;14707
reverse_sorted;1600;StringMergeSort;9244;5745
reverse_sorted;1600;MsdRadixSort;2355;7760
reverse_sorted;1600;MsdRadixSortWithQuickSort;761;10157
reverse_sorted;1700;QuickSort;8354;234952
reverse_sorted;1700;MergeSort;3335;13980
reverse_sorted;1700;StringQuickSort;766;15790
reverse_sorted;1700;StringMergeSort;10596;6285
reverse_sorted;1700;MsdRadixSort;2904;8268
reverse_sorted;1700;MsdRadixSortWithQuickSort;788;10793
reverse_sorted;1800;QuickSort;9131;240456
reverse_sorted;1800;MergeSort;3504;14913
reverse_sorted;1800;StringQuickSort;762;16906
reverse_sorted;1800;StringMergeSort;7732;6615
reverse_sorted;1800;MsdRadixSort;2615;8756
reverse_sorted;1800;MsdRadixSortWithQuickSort;830;11445
reverse_sorted;1900;QuickSort;8462;240524
reverse_sorted;1900;MergeSort;3497;15876
reverse_sorted;1900;StringQuickSort;795;17872
reverse_sorted;1900;StringMergeSort;11259;7040
reverse_sorted;1900;MsdRadixSort;3597;9238
reverse_sorted;1900;MsdRadixSortWithQuickSort;1374;12056
reverse_sorted;2000;QuickSort;12552;246223
reverse_sorted;2000;MergeSort;4811;17091
reverse_sorted;2000;StringQuickSort;1116;19120
reverse_sorted;2000;StringMergeSort;12365;7561
reverse_sorted;2000;MsdRadixSort;3573;9712
reverse_sorted;2000;MsdRadixSortWithQuickSort;976;12716
reverse_sorted;2100;QuickSort;9619;254272
reverse_sorted;2100;MergeSort;3930;17907
reverse_sorted;2100;StringQuickSort;923;20386
reverse_sorted;2100;StringMergeSort;13374;7894
reverse_sorted;2100;MsdRadixSort;5411;10190
reverse_sorted;2100;MsdRadixSortWithQuickSort;1069;13307
reverse_sorted;2200;QuickSort;10401;276352
reverse_sorted;2200;MergeSort;4219;18545
reverse_sorted;2200;StringQuickSort;1027;21084
reverse_sorted;2200;StringMergeSort;11271;8143
reverse_sorted;2200;MsdRadixSort;3483;10672
reverse_sorted;2200;MsdRadixSortWithQuickSort;1020;13928
reverse_sorted;2300;QuickSort;10539;304340
reverse_sorted;2300;MergeSort;6770;19415
reverse_sorted;2300;StringQuickSort;1880;22332
reverse_sorted;2300;StringMergeSort;15238;8499
reverse_sorted;2300;MsdRadixSort;5092;11158
reverse_sorted;2300;MsdRadixSortWithQuickSort;1942;14560
reverse_sorted;2400;QuickSort;16305;323296
reverse_sorted;2400;MergeSort;4769;20156
reverse_sorted;2400;StringQuickSort;1556;23356
reverse_sorted;2400;StringMergeSort;14462;8795
reverse_sorted;2400;MsdRadixSort;3551;11640
reverse_sorted;2400;MsdRadixSortWithQuickSort;1156;15201
reverse_sorted;2500;QuickSort;16351;348030
reverse_sorted;2500;MergeSort;8041;21042
reverse_sorted;2500;StringQuickSort;1478;24550
reverse_sorted;2500;StringMergeSort;17369;9142
reverse_sorted;2500;MsdRadixSort;3652;12102
reverse_sorted;2500;MsdRadixSortWithQuickSort;1153;15836
reverse_sorted;2600;QuickSort;17698;369845
reverse_sorted;2600;MergeSort;9134;21770
reverse_sorted;2600;StringQuickSort;1799;25808
reverse_sorted;2600;StringMergeSort;17204;9368
reverse_sorted;2600;MsdRadixSort;4639;12580
reverse_sorted;2600;MsdRadixSortWithQuickSort;1196;16458
reverse_sorted;2700;QuickSort;17345;389726
reverse_sorted;2700;MergeSort;8862;22752
reverse_sorted;2700;StringQuickSort;1350;26817
reverse_sorted;2700;StringMergeSort;16941;9803
reverse_sorted;2700;MsdRadixSort;4582;13064
reverse_sorted;2700;MsdRadixSortWithQuickSort;2288;17108
reverse_sorted;2800;QuickSort;19147;413687
reverse_sorted;2800;MergeSort;6992;23791
reverse_sorted;2800;StringQuickSort;1362;27976
reverse_sorted;2800;StringMergeSort;14504;10235
reverse_sorted;2800;MsdRadixSort;4608;13550
reverse_sorted;2800;MsdRadixSortWithQuickSort;1490;17786
reverse_sorted;2900;QuickSort;20041;444118
reverse_sorted;2900;MergeSort;8276;24798
reverse_sorted;2900;StringQuickSort;1313;29092
reverse_sorted;2900;StringMergeSort;13585;10728
reverse_sorted;2900;MsdRadixSort;4310;14036
reverse_sorted;2900;MsdRadixSortWithQuickSort;1408;18415
reverse_sorted;3000;QuickSort;17727;463887
reverse_sorted;3000;MergeSort;10535;25792
reverse_sorted;3000;StringQuickSort;2496;30366
reverse_sorted;3000;StringMergeSort;21449;11094
reverse_sorted;3000;MsdRadixSort;5011;14502
reverse_sorted;3000;MsdRadixSortWithQuickSort;2607;19071
nearly_sorted;100;QuickSort;907;14228
nearly_sorted;100;MergeSort;228;816
nearly_sorted;100;StringQuickSort;63;638
nearly_sorted;100;StringMergeSort;594;368
nearly_sorted;100;MsdRadixSort;251;460
nearly_sorted;100;MsdRadixSortWithQuickSort;88;567
nearly_sorted;200;QuickSort;1746;29417
nearly_sorted;200;MergeSort;379;1819
nearly_sorted;200;StringQuickSort;92;1420
nearly_sorted;200;StringMergeSort;710;775
nearly_sorted;200;MsdRadixSort;237;914
nearly_sorted;200;MsdRadixSortWithQuickSort;93;1205
nearly_sorted;300;QuickSort;1573;44614
nearly_sorted;300;MergeSort;449;2944
nearly_sorted;300;StringQuickSort;112;2229
nearly_sorted;300;StringMergeSort;1214;1246
nearly_sorted;300;MsdRadixSort;549;1364
nearly_sorted;300;MsdRadixSortWithQuickSort;235;1781
nearly_sorted;400;QuickSort;2545;55098
nearly_sorted;400;MergeSort;616;4078
nearly_sorted;400;StringQuickSort;173;3088
nearly_sorted;400;StringMergeSort;1468;1663
nearly_sorted;400;MsdRadixSort;493;1844
nearly_sorted;400;MsdRadixSortWithQuickSort;176;2391
nearly_sorted;500;QuickSort;2472;71745
nearly_sorted;500;MergeSort;930;5070
nearly_sorted;500;StringQuickSort;400;3986
nearly_sorted;500;StringMergeSort;3355;2057
nearly_sorted;500;MsdRadixSort;1121;2322
nearly_sorted;500;MsdRadixSortWithQuickSort;399;3016
nearly_sorted;600;QuickSort;5376;84714
nearly_sorted;600;MergeSort;1304;6560
nearly_sorted;600;StringQuickSort;249;4847
nearly_sorted;600;StringMergeSort;2492;2593
nearly_sorted;600;MsdRadixSort;827;2814
nearly_sorted;600;MsdRadixSortWithQuickSort;304;3640
nearly_sorted;700;QuickSort;5187;101003
nearly_sorted;700;MergeSort;1350;7852
nearly_sorted;700;StringQuickSort;297;5883
nearly_sorted;700;StringMergeSort;2852;3077
nearly_sorted;700;MsdRadixSort;911;3296
nearly_sorted;700;MsdRadixSortWithQuickSort;314;4271
nearly_sorted;800;QuickSort;4295;114800
nearly_sorted;800;MergeSort;1794;9094
nearly_sorted;800;StringQuickSort;385;6655
nearly_sorted;800;StringMergeSort;3311;3563
nearly_sorted;800;MsdRadixSort;1179;3772
nearly_sorted;800;MsdRadixSortWithQuickSort;357;4885
nearly_sorted;900;QuickSort;6018;133205
nearly_sorted;900;MergeSort;1681;10421
nearly_sorted;900;StringQuickSort;494;8543
nearly_sorted;900;StringMergeSort;6432;4019
nearly_sorted;900;MsdRadixSort;2234;4242
nearly_sorted;900;MsdRadixSortWithQuickSort;718;5509
nearly_sorted;1000;QuickSort;8847;143460
nearly_sorted;1000;MergeSort;3300;11494
nearly_sorted;1000;StringQuickSort;1026;9914
nearly_sorted;1000;StringMergeSort;6507;4485
nearly_sorted;1000;MsdRadixSort;2257;4728
nearly_sorted;1000;MsdRadixSortWithQuickSort;830;6143
nearly_sorted;1100;QuickSort;8367;163508
nearly_sorted;1100;MergeSort;3585;13078
nearly_sorted;1100;StringQuickSort;993;10371
nearly_sorted;1100;StringMergeSort;5864;5047
nearly_sorted;1100;MsdRadixSort;1975;5208
nearly_sorted;1100;MsdRadixSortWithQuickSort;741;6755
nearly_sorted;1200;QuickSort;6274;172791
nearly_sorted;1200;MergeSort;2201;14645
nearly_sorted;1200;StringQuickSort;603;11163
nearly_sorted;1200;StringMergeSort;6046;5668
nearly_sorted;1200;MsdRadixSort;2376;5702
nearly_sorted;1200;MsdRadixSortWithQuickSort;893;7438
nearly_sorted;1300;QuickSort;7308;186896
nearly_sorted;1300;MergeSort;3545;16036
nearly_sorted;1300;StringQuickSort;670;12098
nearly_sorted;1300;StringMergeSort;6388;6162
nearly_sorted;1300;MsdRadixSort;1784;6188
nearly_sorted;1300;MsdRadixSortWithQuickSort;659;8125
nearly_sorted;1400;QuickSort;7925;209834
nearly_sorted;1400;MergeSort;2766;17408
nearly_sorted;1400;StringQuickSort;766;13365
nearly_sorted;1400;StringMergeSort;6336;6625
nearly_sorted;1400;MsdRadixSort;1910;6678
nearly_sorted;1400;MsdRadixSortWithQuickSort;750;8768
nearly_sorted;1500;QuickSort;7962;222852
nearly_sorted;1500;MergeSort;3010;18827
nearly_sorted;1500;StringQuickSort;769;14300
nearly_sorted;1500;StringMergeSort;8235;7208
nearly_sorted;1500;MsdRadixSort;2862;7184
nearly_sorted;1500;MsdRadixSortWithQuickSort;995;9456
nearly_sorted;1600;QuickSort;14514;236506
nearly_sorted;1600;MergeSort;4743;20244
nearly_sorted;1600;StringQuickSort;846;15469
nearly_sorted;1600;StringMergeSort;7910;7851
nearly_sorted;1600;MsdRadixSort;2296;7682
nearly_sorted;1600;MsdRadixSortWithQuickSort;750;10144
nearly_sorted;1700;QuickSort;8947;253003
nearly_sorted;1700;MergeSort;3365;21950
nearly_sorted;1700;StringQuickSort;925;16422
nearly_sorted;1700;StringMergeSort;7910;8472
nearly_sorted;1700;MsdRadixSort;2539;8162
nearly_sorted;1700;MsdRadixSortWithQuickSort;815;10822
nearly_sorted;1800;QuickSort;9636;264719
nearly_sorted;1800;MergeSort;3604;23311
nearly_sorted;1800;StringQuickSort;949;17395
nearly_sorted;1800;StringMergeSort;8248;9015
nearly_sorted;1800;MsdRadixSort;2546;8672
nearly_sorted;1800;MsdRadixSortWithQuickSort;859;11498
nearly_sorted;1900;QuickSort;10601;277167
nearly_sorted;1900;MergeSort;5853;24581
nearly_sorted;1900;StringQuickSort;1029;18738
nearly_sorted;1900;StringMergeSort;9093;9539
nearly_sorted;1900;MsdRadixSort;2836;9192
nearly_sorted;1900;MsdRadixSortWithQuickSort;1120;12226
nearly_sorted;2000;QuickSort;10679;291345
nearly_sorted;2000;MergeSort;7293;25926
nearly_sorted;2000;StringQuickSort;1274;19652
nearly_sorted;2000;StringMergeSort;9665;10172
nearly_sorted;2000;MsdRadixSort;4370;9682
nearly_sorted;2000;MsdRadixSortWithQuickSort;1466;12892
nearly_sorted;2100;QuickSort;13879;316283
nearly_sorted;2100;MergeSort;4432;27602
nearly_sorted;2100;StringQuickSort;1687;20959
nearly_sorted;2100;StringMergeSort;17795;10666
nearly_sorted;2100;MsdRadixSort;3133;10166
nearly_sorted;2100;MsdRadixSortWithQuickSort;1080;13561
nearly_sorted;2200;QuickSort;14088;330687
nearly_sorted;2200;MergeSort;4795;29251
nearly_sorted;2200;StringQuickSort;1359;21551
nearly_sorted;2200;StringMergeSort;10632;11185
nearly_sorted;2200;MsdRadixSort;3214;10664
nearly_sorted;2200;MsdRadixSortWithQuickSort;1065;14302
nearly_sorted;2300;QuickSort;11772;334161
nearly_sorted;2300;MergeSort;4779;30844
nearly_sorted;2300;StringQuickSort;1920;22805
nearly_sorted;2300;StringMergeSort;12304;11941
nearly_sorted;2300;MsdRadixSort;3720;11148
nearly_sorted;2300;MsdRadixSortWithQuickSort;1261;14977
nearly_sorted;2400;QuickSort;15083;354346
nearly_sorted;2400;MergeSort;5918;32384
nearly_sorted;2400;StringQuickSort;1304;23686
nearly_sorted;2400;StringMergeSort;19303;12560
nearly_sorted;2400;MsdRadixSort;4494;11680
nearly_sorted;2400;MsdRadixSortWithQuickSort;1160;15651
nearly_sorted;2500;QuickSort;14257;370078
nearly_sorted;2500;MergeSort;5224;33756
nearly_sorted;2500;StringQuickSort;1613;25145
nearly_sorted;2500;StringMergeSort;18989;13138
nearly_sorted;2500;MsdRadixSort;3658;12182
nearly_sorted;2500;MsdRadixSortWithQuickSort;1984;16388
nearly_sorted;2600;QuickSort;16979;388674
nearly_sorted;2600;MergeSort;5489;35290
nearly_sorted;2600;StringQuickSort;2005;27546
nearly_sorted;2600;StringMergeSort;13383;13644
nearly_sorted;2600;MsdRadixSort;3764;12656
nearly_sorted;2600;MsdRadixSortWithQuickSort;1354;17031
nearly_sorted;2700;QuickSort;16966;405057
nearly_sorted;2700;MergeSort;8601;36905
nearly_sorted;2700;StringQuickSort;1489;27711
nearly_sorted;2700;StringMergeSort;18882;14267
nearly_sorted;2700;MsdRadixSort;5939;13148
nearly_sorted;2700;MsdRadixSortWithQuickSort;1414;17714
nearly_sorted;2800;QuickSort;15292;417234
nearly_sorted;2800;MergeSort;6148;38565
nearly_sorted;2800;StringQuickSort;2636;30834
nearly_sorted;2800;StringMergeSort;20319;14943
nearly_sorted;2800;MsdRadixSort;3919;13650
nearly_sorted;2800;MsdRadixSortWithQuickSort;1415;18485
nearly_sorted;2900;QuickSort;16358;430684
nearly_sorted;2900;MergeSort;6080;39680
nearly_sorted;2900;StringQuickSort;1726;30693
nearly_sorted;2900;StringMergeSort;21248;15477
nearly_sorted;2900;MsdRadixSort;6744;14170
nearly_sorted;2900;MsdRadixSortWithQuickSort;2550;19123
nearly_sorted;3000;QuickSort;21226;415052
nearly_sorted;3000;MergeSort;6624;41104
nearly_sorted;3000;StringQuickSort;2179;32216
nearly_sorted;3000;StringMergeSort;21105;16169
nearly_sorted;3000;MsdRadixSort;4216;14652
nearly_sorted;3000;MsdRadixSortWithQuickSort;1435;19779
